author,title,description,url,urlToImage,publishedAt,content,source_id,source_name
DAVID BRENNAN,"Ukraine's interception rates of Russia's drones and missiles are slipping, data show",October saw some 20% of Russian drones and 45% of missiles undefeated.,https://abcnews.go.com/International/ukraines-interception-rates-russias-drones-missiles-slipping-data/story?id=127216305,https://s.yimg.com/ny/api/res/1.2/kacS9DBkOzFFrWx.5w4MHA--/YXBwaWQ9aGlnaGxhbmRlcjt3PTEyMDA7aD04MjU7Y2Y9d2VicA--/https://media.zenfs.com/en/us.abcnews.gma.com/797eb69009d99f08c3864c460ceecc93,2025-11-12T10:06:00Z,The rates of interception of both Russian drones and missiles fired into Ukraine through October slipped as Moscow continued its long-range bombardment of Ukrainian cities and critical infrastructure… [+7807 chars],abc-news,ABC News
CLARA MCMICHAEL and MEREDITH DELISO,Final moments before UPS plane crash detailed,"Pilots tried to control the plane for 25 seconds before crashing, the NTSB said.",https://abcnews.go.com/US/final-moments-ups-plane-crash-detailed-ntsb/story?id=127313407,https://s.yimg.com/ny/api/res/1.2/4awdjva_30tLDTDHf45dhg--/YXBwaWQ9aGlnaGxhbmRlcjt3PTEyMDA7aD04MDA7Y2Y9d2VicA--/https://media.zenfs.com/en/us.abcnews.go.com/a5be18f63ef40a2bd40d42d464e75921,2025-11-07T22:09:51Z,The UPS cargo plane crew tried to control the aircraft for about 25 seconds before it crashed into a ball of flames shortly after taking off from Louisville Muhammad Ali International Airport in Kent… [+2851 chars],abc-news,ABC News
MAX ZAHN,Why are stocks falling and what should investors do? Experts explain,"Stocks tumbled on Monday, extending a dayslong slide.",https://abcnews.go.com/Business/stocks-falling-investors-experts-explain/story?id=127589011,https://s.yimg.com/ny/api/res/1.2/a3mazaXaY4Jp5.inbIvw8A--/YXBwaWQ9aGlnaGxhbmRlcjt3PTEyMDA7aD04MDA-/https://media.zenfs.com/en/us.abcnews.go.com/b417e6e4c6aab145001d5d4d2638b783,2025-11-17T20:01:00Z,"Stocks tumbled on Monday, extending a dayslong slide that presents a dilemma: Should investors buy in at bargain prices or unload in fear of worse to come?
The tech-heavy Nasdaq plummeted 3% last we… [+4397 chars]",abc-news,ABC News
AARON KATERSKY,Burglars who allegedly broke into Joe Burrow's home in plea deal talks: Court docs,"About $300,000 worth of jewelry and other items were stolen from Burrow's home.",https://abcnews.go.com/US/burglars-allegedly-broke-joe-burrows-home-plea-deal/story?id=127525268,https://s.yimg.com/ny/api/res/1.2/Cs0DubT2DunoVX4KxpAIRQ--/YXBwaWQ9aGlnaGxhbmRlcjt3PTEyMDA7aD05MDA7Y2Y9d2VicA--/https://media.zenfs.com/en/us.abcnews.go.com/8adb111ee293d155965a59a151cffed8,2025-11-14T15:57:14Z,"Three men charged in a December 2024 burglary at the Ohio home of Cincinnati Bengals quarterback Joe Burrow are in talks with federal prosecutors about a plea deal, according to a new court filing Fr… [+2868 chars]",abc-news,ABC News
MASON LEATH,Search for missing Phoenix toddler heads into 2nd day: Police,"The case is civil, not criminal, so no charges have been filed, officials said.",https://abcnews.go.com/US/search-missing-phoenix-toddler-heads-2nd-day-police/story?id=127746725,https://s.yimg.com/ny/api/res/1.2/YgIuW9bkQMCWR1VehVS7NA--/YXBwaWQ9aGlnaGxhbmRlcjt3PTEyMDA7aD05MDA7Y2Y9d2VicA--/https://media.zenfs.com/en/us.abcnews.go.com/6b5068f41f405600f521b90b0ba1c577,2025-11-21T18:32:15Z,"A Phoenix toddler remains missing, as the search to find her heads into the weekend, according to police.
The Phoenix Police Department is asking for help in locating 3-year-old Wednesday Guilford, … [+2323 chars]",abc-news,ABC News
BRITTANY SHEPHERD and ALEXANDRA HUTZLER,"Biden to attend Dick Cheney's funeral, Bush will deliver tribute",The service is being held Thursday at the National Cathedral.,https://abcnews.go.com/Politics/biden-attend-dick-cheneys-funeral-bush-deliver-tribute/story?id=127491255,https://s.yimg.com/ny/api/res/1.2/cuta8QyA46AF16PuvrZQ_w--/YXBwaWQ9aGlnaGxhbmRlcjt3PTEyMDA7aD04OTc7Y2Y9d2VicA--/https://media.zenfs.com/en/us.abcnews.go.com/66ff3067043d81e8137ab3721a381a41,2025-11-19T15:01:42Z,"Former Vice President Dick Cheney's funeral will be held in Washington on Thursday, with several high-profile political figures set to be at the service for the man considered one of the most influen… [+1031 chars]",abc-news,ABC News
MASON LEATH,Woman gives birth on roadside after hospital allegedly sent her home: Family,The hospital told ABC News the incident is being investigated.,https://abcnews.go.com/US/family-indiana-hospital-discharged-mom-labor-leading-roadside/story?id=127625638,https://s.yimg.com/ny/api/res/1.2/eCia27KILzwFrqTXcfmGwQ--/YXBwaWQ9aGlnaGxhbmRlcjt3PTEyMDA7aD03MTA7Y2Y9d2VicA--/https://media.zenfs.com/en/us.abcnews.go.com/3f4c4f28bbfb9ada3d21aa33d8b556b6,2025-11-18T19:27:27Z,"An Indiana woman's family claims she was wheeled out of a hospital in active labor, forcing her to give birth on the side of a road.
Relatives of Mercedes Wells told ABC station WLS in Chicago she w… [+2478 chars]",abc-news,ABC News
"ALEXANDRA HUTZLER, MEGHAN MISTRY and LALEE IBSSA","Democrats defend message to troops as Trump, officials suggest they be punished","Trump called them ""bad people"" who ""broke the law.""",https://abcnews.go.com/Politics/democrats-defend-message-troops-trump-officials-suggest-punished/story?id=127751866,https://s.yimg.com/ny/api/res/1.2/Ss6L4Qho6JJmKEaNq2WSRQ--/YXBwaWQ9aGlnaGxhbmRlcjt3PTEyMDA7aD05MDA7Y2Y9d2VicA--/https://media.zenfs.com/en/us.abcnews.go.com/dcaad818eaa559d58960188301916249,2025-11-21T18:57:01Z,"Several Democrats accused by President Donald Trump of ""seditious behavior"" defended their message to military members that they can refuse illegal order. The president and administration officials s… [+5458 chars]",abc-news,ABC News
MORGAN KORN,'No one saw this coming': Why small pickups are in demand,"""Even midsize trucks have gotten too tall and too big,"" one insider said.",https://abcnews.go.com/Business/trucks-big-sales-compact-pickups-rising-fast/story?id=127588321,https://s.yimg.com/ny/api/res/1.2/jTgdm38gKsNsKzKgqcmFfw--/YXBwaWQ9aGlnaGxhbmRlcjt3PTEyMDA7aD03ODI-/https://media.zenfs.com/en/us.abcnews.gma.com/b9beaac6f36e986ce0635e8cfab6e820,2025-11-28T11:54:00Z,"Can pickup trucks get any larger? They've ballooned in size the last few years, becoming conspicuous behemoths on the road. They're expensive too, with some pickups priced in the six-figure realm.
B… [+6700 chars]",abc-news,ABC News
MEGAN FORRESTER,Glass impales man after frozen water balloon plummets through his windshield,"Alex Plant, 28, was struck by the frozen water balloon last week.",https://abcnews.go.com/US/frozen-water-balloon-injures-man-after-plummeting-windshield/story?id=127377271,https://s.yimg.com/ny/api/res/1.2/VoSGgjZ4CCNYS3pPwv6TUA--/YXBwaWQ9aGlnaGxhbmRlcjt3PTEyMDA7aD0xNjAwO2NmPXdlYnA-/https://media.zenfs.com/en/us.abcnews.go.com/404626af528b4a4f83d56c3d2b7e6b73,2025-11-10T22:53:03Z,"A Northern California man was seriously injured after a frozen water balloon was thrown through his windshield while he was driving home from work, causing chunks of glass to hit his face and impale … [+3217 chars]",abc-news,ABC News
MEGAN FORRESTER,Road rage driver who shot boy 'did not know there was a kid' in back seat: Court docs,"Tyler Matthew Johns, 22, is scheduled to appear in court on Tuesday.",https://abcnews.go.com/US/suspect-fatally-shot-11-year-road-rage-incident/story?id=127630677,https://s.yimg.com/ny/api/res/1.2/KhzxSvXGEx3Q4_rnE9gbbw--/YXBwaWQ9aGlnaGxhbmRlcjt3PTEyMDA7aD02NzU7Y2Y9d2VicA--/https://media.zenfs.com/en/us.abcnews.go.com/4fe6417fffe85efae5aa0d3edd243716,2025-11-18T17:08:14Z,"The suspect who allegedly shot and killed an 11-year-old boy during a road rage incident in Nevada said he ""did not know there was a kid"" in the back seat of the vehicle when he opened fire, accordin… [+5320 chars]",abc-news,ABC News
JAMES SAMPLE,Why James Comey's indictment ventures into 'uncharted legal territory': Analysis,Stunning revelations came to light during Wednesday's hearing.,https://abcnews.go.com/US/james-comeys-indictment-ventures-uncharted-legal-territory-analysis/story?id=127687753,https://s.yimg.com/ny/api/res/1.2/LwK0gaxni8H3KTLqYBOfSA--/YXBwaWQ9aGlnaGxhbmRlcjt3PTEyMDA7aD03ODg7Y2Y9d2VicA--/https://media.zenfs.com/en/us.abcnews.go.com/e2e06b5a71bdad3bf61548e81311f125,2025-11-20T00:32:33Z,The most explosive development in Wednesdays hearing emerged before any argument about presidential pressure to prosecute: U.S. Attorney Lindsey Halligan admitted that the full grand jury never saw t… [+5888 chars],abc-news,ABC News
Katie Kindelan,"Prince Andrew to no longer use 'prince' title, per Buckingham Palace","Andrew, the son of the late Queen Elizabeth II, will now be known as Andrew Mountbatten-Windsor.",https://abcnews.go.com/GMA/News/prince-andrew-longer-prince-title-buckingham-palace/story?id=127031824,https://i.abcnewsfe.com/a/84f494b8-3832-489d-8cc6-605b5ee95494/prince-andrew-1-gty-gmh-251030_1761850950434_hpMain_16x9.jpg?w=1600,2025-10-30T19:18:35Z,"Prince Andrew, the brother of King Charles III, will no longer use his prince title, Buckingham Palace announced Thursday.
Andrew will now officially be known as Andrew Mountbatten Windsor, accordin… [+75 chars]",abc-news,ABC News
"Katherine Faulders, Alexander Mallin",Suspect in case whose prosecutors were tagged for Jan. 6 reference to appear in court,"A day after prosecutors were disciplined for a sentencing memo that said Jan. 6 was perpetrated by a ""mob of rioters,"" the suspect in the case will appear at a hearing.",https://abcnews.go.com/US/suspect-case-prosecutors-disciplined-jan-6-reference-court/story?id=127016803,https://i.abcnewsfe.com/a/8712dd25-1818-45aa-baaa-fb14c7673967/jan6-capitol-riot-gty-jef-251030_1761833850105_hpMain_16x9.jpg?w=1600,2025-10-30T18:35:25Z,"A day after the Justice Department withdrew a sentencing memo that described the Jan. 6, 2021, attack on the U.S. Capitol as being carried out by ""thousands of people comprising a mob of rioters,"" th… [+2064 chars]",abc-news,ABC News
Kelly McCarthy,"If you pay cash at McDonald's, here's what's changing",Some McDonald's locations have responded to the U.S. penny shortages by allowing cash payments to round up or down to the nearest 5 cents.,https://abcnews.go.com/GMA/Food/pennies-phase-us-currency-mcdonalds-updates-cash-payment/story?id=127016336,https://i.abcnewsfe.com/a/608c0c9e-1aa2-46bb-a82c-90c4c419e0eb/mcdonalds-gty-jt-251030_1761836098717_hpMain_16x9.jpg?w=1600,2025-10-30T16:40:33Z,"Since the U.S. Treasury halted the production of pennies earlier this year, some businesses, including McDonald's, have adapted their payment options to keep up with the times and ensure transactions… [+1287 chars]",abc-news,ABC News
ABC News,WATCH: Former Illinois deputy found guilty in Sonya Massey murder,Sean Grayson was on trial for fatally shooting Sonya Massey in her home.,https://abcnews.go.com/US/video/former-illinois-deputy-found-guilty-sonya-massey-murder-127028936,https://i.abcnewsfe.com/a/53d10dd4-ad27-4762-af93-37ef21485ba0/251030_abc_social_mssey_hpMain_9x16.jpg?w=992,2025-10-30T18:02:40Z,"<ul><li>Lawmakers play blame game as shutdown reaches day 30
</li><li>Trump directs Pentagon to match Russia, China in nuclear weapons testing
</li><li>Russia launches massive drone attack across U… [+4461 chars]",abc-news,ABC News
ABC News,"WATCH: Prince Andrew stripped of his 'prince' title, per Buckingham Palace","Andrew will now officially be known as Andrew Mountbatten Windsor, according to the palace.",https://abcnews.go.com/International/video/prince-andrew-stripped-prince-title-buckingham-palace-127038346,https://i.abcnewsfe.com/a/7bb429f0-7030-418d-a6b0-a6a6a6245f53/251030_abc_social_reevell_andrew_hpMain_16x9.jpg?w=992,2025-10-30T22:04:48Z,"<ul><li>Prince Andrew to no longer use 'prince' title, per Buckingham Palace
</li><li>How the end of SNAP benefits will impact you
</li><li>Lawmakers play blame game as shutdown reaches day 30
</l… [+4377 chars]",abc-news,ABC News
Emily Guskin,Americans largely oppose Trump tearing down White House East Wing for ballroom: Poll,"The poll found 45% of respondents ""strongly"" oppose the East Wing demolition.",https://abcnews.go.com/Politics/americans-largely-oppose-trump-tearing-white-house-east/story?id=126993522,https://i.abcnewsfe.com/a/e999555e-1282-47c6-bc4e-378d260d1c95/white-house-16-gty-gmh-251023_1761253900464_hpMain_16x9.jpg?w=1600,2025-10-30T10:06:38Z,"Most Americans oppose the demolition of the White House's East Wing to make way for President Donald Trump's ballroom, according to an ABC News/Washington Post/Ipsos poll conducted using Ipsos Knowle… [+2168 chars]",abc-news,ABC News
RONALD BLUM AP baseball writer,Dodgers force World Series to decisive Game 7 by holding off Blue Jays 3-1,Los Angeles kept alive its bid for a third title in six seasons.,https://abcnews.go.com/Sports/wireStory/dodgers-force-world-series-decisive-game-7-holding-127081770,https://i.abcnewsfe.com/a/c2d144ea-a9a3-4cf4-b9dc-35879e1924a0/wirestory_7fab4893c3a219ce07d15f48b7b96179_16x9.jpg?w=1600,2025-11-01T03:48:29Z,"TORONTO -- Yoshinobu Yamamoto beat Toronto for the second time in a week, slumping Mookie Betts hit a two-run single in a three-run third inning and the defending champion Los Angeles Dodgers held of… [+3927 chars]",abc-news,ABC News
Max Zahn,"What the US-China deal means for rare earths, soybean farmers and TikTok",The world's two largest economies appeared to dial back a monthslong trade war.,https://abcnews.go.com/Business/us-china-deal-means-rare-earths-soybean-farmers/story?id=127028309,https://i.abcnewsfe.com/a/bdb66ed1-f371-4299-bafe-d7c2f8301f1f/donald-trump-30-gty-gmh-251029_1761790377322_hpMain_16x9.jpg?w=1600,2025-10-31T09:02:04Z,"A short-term agreement struck between the U.S. and China early Thursday appeared to dial back a monthslong trade war between the worlds two largest economies, carrying implications for everyone from … [+5844 chars]",abc-news,ABC News
ABC News,WATCH: Dog owner uses smelly socks to lure lost pet back home,A 93-year-old man has been reunited with his lost dog — thanks to a pair of smelly socks.,https://abcnews.go.com/Lifestyle/video/dog-owner-smelly-socks-lure-lost-pet-back-127046854,https://i.abcnewsfe.com/a/333b07e4-c4f2-405e-a67d-365e169fd8a8/251030_abc_social_sockdog_hpMain_9x16.jpg?w=992,2025-10-31T08:49:35Z,"<ul><li>Deadly storm hits Northeast
</li><li>Trump calls for eliminating filibuster to end shutdown
</li><li>JetBlue flight makes emergency landing after plane loses altitude, passengers injured
<… [+4685 chars]",abc-news,ABC News
DEE-ANN DURBIN AP business writer,Uber plans to offer autonomous taxi rides in San Francisco starting next year,"Uber said Wednesday that the San Francisco Bay Area will be the first market for its specially built autonomous taxi, which is expected to launch in late 2026",https://abcnews.go.com/Business/wireStory/uber-plans-offer-autonomous-taxi-rides-san-francisco-126972005,https://i.abcnewsfe.com/a/8f6e7b88-41b3-4352-ab6e-16bd42f588e2/wirestory_55aa85f5b5f492c3dfa393afe5233b9a_16x9.jpg?w=1600,2025-10-29T12:26:45Z,"Uber said Wednesday that the San Francisco Bay Area will be the first market for its specially built autonomous taxi, which is expected to launch in late 2026.
The San Francisco-based ride-hailing c… [+1543 chars]",abc-news,ABC News
"Luis Martinez, Meredith Deliso",4 killed in latest US strike on alleged drug boat in Eastern Pacific: Hegseth,"The Defense Department ""carried out a lethal kinetic strike on yet another narco-trafficking vessel,"" the defense secretary said.",https://abcnews.go.com/International/4-killed-latest-us-strike-alleged-drug-boat/story?id=127000424,https://i.abcnewsfe.com/a/97bccce3-4b20-40ce-b9e4-4b400fb8a6e1/1029-pacific-strikes_1761782083544_hpMain_16x9.jpg?w=1600,2025-10-30T00:18:36Z,"Four people were killed in the latest U.S. military airstrike on an alleged drug boat in the Eastern Pacific on Wednesday, Defense Secretary Pete Hegseth announced in a social media post.
It follows… [+1023 chars]",abc-news,ABC News
"Tesfaye Negussie, Sabina Ghebremedhin, Deena Zaru",Jury finds deputy guilty of second-degree murder in Sonya Massey shooting,"The jury began deliberations Tuesday in the trial of former Sangamon County, Illinois, deputy Sean Grayson, accused of shooting and killing Sonya Massey in her home.",https://abcnews.go.com/US/sonya-massey-murder-trial-juror-massey-family-cry/story?id=126936377,https://i.abcnewsfe.com/a/3c860d6c-60b3-4b3b-aa73-221b66c4daf4/Sonya-Massey-1-ht-jm-240729_1722283390761_hpMain_16x9.jpg?w=1600,2025-10-29T19:37:33Z,"A jury has found a former Illinois sheriff's deputy guilty of second-degree murder in the fatal shooting of Sonya Massey, according to ABC affiliate WICS in Springfield.
The trial began last week fo… [+5390 chars]",abc-news,ABC News
Selina Wang,Trump-Xi meeting: Fate of global economy hangs in the balance,The fate of the global economy hangs in the balance as President Trump and China's Xi Jinping prepare to meet in South Korea.,https://abcnews.go.com/Politics/trump-xi-meeting-fate-global-economy-hangs-balance/story?id=126978226,https://i.abcnewsfe.com/a/ceafe1e4-593a-4644-8e02-b0d84f822d84/trump-xi-1-ap-gmh-251029_1761748648695_hpMain_16x9.jpg?w=1600,2025-10-29T16:47:54Z,"The fate of the global economy hangs in the balance as President Donald Trump and Chinese President Xi Jinping prepare to meet for their first face-to-face talks in six years. 
The two are set to me… [+4021 chars]",abc-news,ABC News
Luis Martinez,States to have rapid-response National Guard units for civil disturbances: Official,"The National Guard is planning to train up to 500 troops per state to serve as part of a rapid-response force focused on civil disturbance missions, a U.S. official says.",https://abcnews.go.com/US/states-rapid-response-national-guard-units-civil-disturbances/story?id=127005251,https://i.abcnewsfe.com/a/3b6959b9-2373-46fb-90b3-4e371a4cd3f2/USA-MILITARY-NATIONALGUARD_1761796512286_hpMain_16x9.jpg?w=1600,2025-10-30T04:29:54Z,"The National Guard is planning to train as many as 500 troops per state to serve as part of a rapid-response force focused on civil disturbance missions, according to a U.S. official.
The move follo… [+1371 chars]",abc-news,ABC News
ABC NEWS,"Trump cuts fentanyl-related tariffs on China, says agreement on rare earths controls",President Donald Trump said he is reducing some tariffs on Chinese imports following a meeting with Chinese President Xi Jinping.,https://abcnews.go.com/International/trump-fentanyl-related-tariffs-china-reduced-agreement-rare/story?id=127007706,https://i.abcnewsfe.com/a/ab8fe5fe-baa8-439f-8a3e-a99b331d1cf5/USA-TRUMP-XI_1761800630406_hpMain_16x9.jpg?w=1600,2025-10-30T05:38:49Z,President Donald Trump said he is reducing some tariffs on Chinese imports following a meeting with Chinese President Xi Jinping after securing a commitment from the Chinese leader to take steps to s… [+825 chars],abc-news,ABC News
Aaron Katersky,Sean 'Diddy' Combs seeks expedited appeal,"Sean ""Diddy"" Combs is asking a federal appeals court to expedite his appeal of his conviction on two prostitution-related charges.",https://abcnews.go.com/US/sean-diddy-combs-seeks-expedited-appeal/story?id=127005944,https://i.abcnewsfe.com/a/6ae11637-9585-43c8-8428-8983f907d16a/2238659360_1761796607776_hpMain_16x9.jpg?w=1600,2025-10-30T10:49:10Z,"Sean ""Diddy"" Combs is asking a federal appeals court to expedite his appeal of his conviction on two prostitution-related charges, arguing he could finish his prison sentence before his appeal is hea… [+1428 chars]",abc-news,ABC News
Mark Guarino,AI chatbot dangers: Are there enough guardrails to protect children?,"Last week, Character.AI, one of the leading platforms for AI technology, announced it was banning anyone under 18 from having conversations with its chatbots.",https://abcnews.go.com/Technology/chatbot-dangers-guardrails-protect-children-vulnerable-people/story?id=127099944,https://i.abcnewsfe.com/a/175d98b9-4bac-410e-8c67-5a2303cf0fbf/AI_1762129950338_hpMain_16x9.jpg?w=1600,2025-11-03T00:58:01Z,"Character.AI, one of the leading platforms for AI technology, recently announced it was banning anyone under 18 from having conversations with its chatbots. The decision represents a bold step forwar… [+3898 chars]",abc-news,ABC News
Will McDuffie,"FDA's drug regulator put on leave, considering resigning, citing 'toxic' environment","Dr. George Tidmarsh, the Food and Drug Administration’s top drug regulator, was placed on administrative leave and is considering resigning, citing a “toxic” environment.",https://abcnews.go.com/Politics/fdas-top-drug-regulator-leave-resigning-citing-toxic/story?id=127119927,https://i.abcnewsfe.com/a/de4d8aa6-8341-4d7f-9090-118d6f31c942/fda_1762136272305_hpMain_16x9.jpg?w=1600,2025-11-03T03:21:09Z,"Dr. George Tidmarsh, the Food and Drug Administrations top drug regulator, was placed on administrative leave and is considering resigning, citing a toxic environment at the FDA.
Tidmarsh, who leads… [+1877 chars]",abc-news,ABC News
"Halle Troadec, Oren Oppenheim, Brittany Shepherd","Obama, Harris hit the campaign trail; Trump's political operation invests in NJ, VA","Barack Obama and Kamala Harris, in separate rallies on Saturday, called to turn out to vote -- as Donald Trump’s political operation invests millions in voter turnout.",https://abcnews.go.com/Politics/barack-obama-kamala-harris-campaign-democrats-donald-trumps/story?id=127101044,https://i.abcnewsfe.com/a/b58ee409-6c98-4848-9ca6-41035f03600a/obama-ap-jt-251101_1762031617845_hpMain_16x9.jpg?w=1600,2025-11-02T03:47:57Z,"Former President Barack Obama and former Vice President Kamala Harris, in separate rallies on Saturday, called for Democrats to turn out to vote in Virginia's and New Jersey's races for governor and … [+5432 chars]",abc-news,ABC News
ABC News,WATCH: Obama: 'Country and our politics are in a pretty dark place right now',"Jersey's race for governor at a rally in Newark on Saturday, saying the ""country and our politics are in a pretty dark place right now.""",https://abcnews.go.com/Politics/video/obama-country-politics-pretty-dark-place-now-127114674,https://i.abcnewsfe.com/a/dc6f1b54-2151-4c6a-9f4a-05ddaae6772e/251102_abc_social_obama_hpMain_9x16.jpg?w=992,2025-11-02T19:50:36Z,"<ul><li>New poll numbers 1 year ahead of midterms
</li><li>10 people injured in UK train stabbing
</li><li>Dodgers win back-to-back World Series championship
</li><li>SNAP benefits up in the air a… [+4313 chars]",abc-news,ABC News
Luke Barr,2 arrested in alleged ISIS-inspired Halloween plot: DOJ,"Two Michigan men were arrested in an alleged ISIS-inspired Halloween plot, according to court records unsealed on Monday.",https://abcnews.go.com/US/2-us-citizens-arrested-alleged-isis-inspired-halloween/story?id=127136216,https://i.abcnewsfe.com/a/2bdf7236-76ae-4555-af14-1550cf92e955/detroit-gty-jt-251031_1761937708685_hpMain_16x9.jpg?w=1600,2025-11-03T16:36:29Z,"Two men were arrested on Friday for allegedly plotting an ISIS-inspired Halloween attack in Michigan, according to court records unsealed on Monday. 
The men allegedly used the term ""pumpkin day"" fo… [+3417 chars]",abc-news,ABC News
David Brennan,"UK stabbing suspect named, charged with attempted murder",A man has been charged with 10 counts of attempted murder following a mass stabbing on a train in the U.K. on Saturday night.,https://abcnews.go.com/International/uk-stabbing-suspect-named-charged-attempted-murder/story?id=127124434,https://i.abcnewsfe.com/a/16747f01-5d45-4fd0-b26d-b111a96302ef/UK-stabbing-DB-251103_1762163303040_hpMain_16x9.jpg?w=1600,2025-11-03T14:54:53Z,"LONDON -- A man has been charged with 10 counts of attempted murder following a mass stabbing on a train in the U.K.
Anthony Williams, 32, from the city of Peterborough in eastern England, was arres… [+1391 chars]",abc-news,ABC News
"Aaron Katersky, Sasha Pezenik, Josh Margolin","'Highly volatile' threat landscape for November elections, new assessment finds","Voters head to the polls this fall amid the ""highest levels of political violence in the U.S. since the 1970s,"" a new assessment found.",https://abcnews.go.com/Politics/highly-volatile-threat-landscape-november-elections-new-assessment/story?id=127148686,https://i.abcnewsfe.com/a/2cf5e9d1-8cbe-4418-98a7-9973bfb14cc0/voting-2-gty-er-251103_1762213023015_hpMain_16x9.jpg?w=1600,2025-11-04T03:03:45Z,"Voters head to the polls this fall amid the ""highest levels of political violence in the U.S. since the 1970s,"" and ""rising domestic tensions,"" according to a new threat assessment, warning that thos… [+5062 chars]",abc-news,ABC News
Alexander Mallin,Prosecutors urge judge to reject Comey's claim he's being 'vindictively' prosecuted,"Prosecutors are urging the judge overseeing ex-FBI Director James Comey's criminal case to reject arguments from Comey that he is being ""vindictively"" prosecuted.",https://abcnews.go.com/US/prosecutors-urge-judge-reject-fbi-director-james-comeys/story?id=127148682,https://i.abcnewsfe.com/a/d699ed6c-409a-44e4-92fd-b17e2160f07c/USA-TRUMP-COMEY_1762047318013_hpMain_2_16x9.jpg?w=1600,2025-11-03T22:52:29Z,"Federal prosecutors on Monday urged the federal judge overseeing former FBI Director James Comey's criminal case to reject arguments from Comey that he is being ""vindictively"" prosecuted at the order… [+3707 chars]",abc-news,ABC News
"Bill Hutchinson, Phoebe Natanson",Worker trapped for 11 hours after collapse of medieval tower in central Rome,"A rescue operation was in full swing on Monday in Rome after a medieval tower partially collapsed twice within an hour, burying workers.",https://abcnews.go.com/International/worker-trapped-11-hours-after-collapse-medieval-tower/story?id=127143735,https://i.abcnewsfe.com/a/33fd5438-eef0-4bfd-b71f-9d2eda7d598d/tower-collapse-rome-gty-bh-251103_1762200688486_hpMain_16x9.jpg?w=1600,2025-11-03T23:02:31Z,"A worker who had been trapped for 11 hours in the partial collapse of a medieval tower in the heart of Rome was rescued late Monday, officials said.
The 66-year-old man was the last of several worke… [+2067 chars]",abc-news,ABC News
Max Zahn,"Delays, smaller payments: How SNAP funding will work",The White House said it would give partial payments to 42 million recipients.,https://abcnews.go.com/Business/delays-smaller-payments-snap-funding-work/story?id=127129130,https://i.abcnewsfe.com/a/a6af51ce-1648-48d0-a44f-a8c3d681feb9/food-bank-gty-jef-251103_1762197645312_hpMain_16x9.jpg?w=1600,2025-11-03T21:38:02Z,"The Trump administration said Monday it would provide partial payments to about 42 million food stamp recipients in November, though the White House warned the funds could take as long as months to r… [+6070 chars]",abc-news,ABC News
Gaby Vinick,Faith leaders blocked by ICE from delivering Communion to immigrants speak out,Faith leaders denounced ICE and DHS for rejecting access to administer Communion to immigrants being held at an Illinois facility on Día de los Muertos.,https://abcnews.go.com/US/faith-leaders-blocked-ice-delivering-communion-immigrants-speak/story?id=127148684,https://i.abcnewsfe.com/a/06db05bf-8cda-40ce-ac62-7ba49f259d38/church_1762214715082_hpMain_16x9.jpg?w=1600,2025-11-04T01:27:37Z,Faith leaders denounced Immigration and Customs Enforcement and the U.S. Department of Homeland Security for rejecting access to give Communion to immigrants being held at an Illinois facility over t… [+3731 chars],abc-news,ABC News
Fritz Farrow,Trump threatens US military action in Nigeria over claims of 'killing of Christians',"President Donald Trump said he has instructed the Pentagon to prepare for possible action in Nigeria, if the government ""continues to allow the killing of Christians.""",https://abcnews.go.com/International/trump-threatens-cut-off-aid-nigeria-military-action/story?id=127097323,https://i.abcnewsfe.com/a/ea7f0e5e-88e5-4e8f-9b67-90b3b4ed9fac/donald-trump-11-gty-gmh-251030_1761830181725_hpMain_16x9.jpg?w=1600,2025-11-01T23:21:41Z,"President Donald Trump said he has instructed the Pentagon to prepare for possible action in Nigeria, saying the U.S. could go in ""guns-a-blazing"" and halt aid if the government there ""continues to a… [+2528 chars]",abc-news,ABC News
Victoria Beaule,Multiple people stabbed on UK train: Police,Police in the U.K. say multiple people were taken to the hospital after a stabbing aboard a train.,https://abcnews.go.com/International/multiple-people-stabbed-uk-train-police/story?id=127096565,https://s.abcnews.com/images/General/Breaking-News-banner-abc-ps-181024_hpMain_16x9_992.jpg?w=1600,2025-11-01T21:51:08Z,"Police in the U.K. say multiple people were taken to the hospital after a stabbing aboard a train.
Police said two men were arrested after armed officers responded to the train, which was stopped in… [+257 chars]",abc-news,ABC News
Emily Guskin,"Most Americans say country is on the wrong track, blame Trump for inflation: Poll",Over 6 in 10 say Trump and GOP are out of touch. Even more say that about Dems.,https://abcnews.go.com/Politics/americans-country-wrong-track-blame-trump-inflation-poll/story?id=127064620,https://i.abcnewsfe.com/a/21d4bf7b-63a7-46f5-9ca8-50baa635b991/donald-trump-7-art-gmh-251031_1761926109752_hpMain_16x9.jpg?w=1600,2025-11-02T04:04:17Z,"Two-thirds of Americans say that the country is ""pretty seriously off on the wrong track,"" while just under a third say the country is moving in the right direction, according to an ABC News/Washingt… [+11810 chars]",abc-news,ABC News
ABC News,WATCH: House Speaker Mike Johnson gives timeline to end shutdown,"Johnson on Monday laid out a timeline for what's next after the Senate advanced a short-term funding bill on Sunday, saying he will call the House back as soon as the Senate passes a funding bill.",https://abcnews.go.com/US/video/house-speaker-mike-johnson-timeline-end-shutdown-127380418,https://i.abcnewsfe.com/a/14f87804-3a5a-42a9-8bdc-6f2b289ec89f/251110_abc_social_shutdown_hpMain_9x16.jpg?w=992,2025-11-10T16:33:36Z,"<ul><li>What possible end to shutdown means for HSAs, furloughed workers and SNAP benefits
</li><li>Speaker Mike Johnson holds news conference after Senate advances bill to end shutdown
</li><li>'U… [+4347 chars]",abc-news,ABC News
ABC News,WATCH: Johnson tells House to begin returning to Washington to start end of shutdown,"House Speaker Mike Johnson spoke Monday morning about next steps in ending the government shutdown, saying he will call the House back as soon as the Senate passes a government funding bill.",https://abcnews.go.com/US/video/johnson-tells-house-begin-returning-washington-start-end-127380394,https://i.abcnewsfe.com/a/aae21e23-47fd-4fb4-9bf9-69443e2db4b1/251110_abc_social_johnson_hpMain_9x16.jpg?w=992,2025-11-10T16:33:28Z,"<ul><li>What possible end to shutdown means for HSAs, furloughed workers and SNAP benefits
</li><li>Speaker Mike Johnson holds news conference after Senate advances bill to end shutdown
</li><li>'U… [+4347 chars]",abc-news,ABC News
Lucien Bruggeman,Man who got 'fake electors' pardon hopes it extends to unrelated assault charge,"Pardoned by Trump for his role in the effort to challenge the 2020 election results, Harrison Floyd hopes the pardon will extend to a later assault charge.",https://abcnews.go.com/Politics/man-pardoned-trump-fake-electors-scheme-hopes-extends/story?id=127394268,https://i.abcnewsfe.com/a/81c5b331-4f97-4d95-854d-9261a9bf7775/floyd-gty-er-251110_1762815555662_hpMain_16x9.jpg?w=1600,2025-11-10T23:48:50Z,"Observers on Monday were quick to frame President Donald Trump's sweeping pardon of so-called ""fake electors"" as a symbolic gesture since the various criminal cases against those individuals exist in… [+1797 chars]",abc-news,ABC News
Emily Shapiro,"Mother of missing 9-year-old charged, unrelated to daughter's disappearance: Sheriff","The sheriff's office has been searching for Melodee since mid-October, saying mom Ashlee Buzzard has not cooperated from the beginning, the office said.",https://abcnews.go.com/US/mom-missing-9-year-melodee-buzzard/story?id=127337000,https://i.abcnewsfe.com/a/df60e9bc-6610-429b-8c3f-d5a2e4b1ef39/arrest-ht-er-251107_1762556390340_hpMain_2_16x9.jpg?w=1600,2025-11-11T00:25:50Z,"Ashlee Buzzard, the mom of missing 9-year-old Melodee Buzzard, has been charged with one count of felony false imprisonment for an incident that occurred in Lompoc, California, authorities announced.… [+1372 chars]",abc-news,ABC News
"Leah Sarnoff, Douglas Lantz",Father and daughter headed to Jamaica mission trip killed in plane crash,"A father and daughter were killed in a small plane that crashed on Monday in Florida, which was bound for Jamaica on a hurricane relief mission.",https://abcnews.go.com/US/father-daughter-killed-plane-crash-carrying-hurricane-relief/story?id=127400912,https://i.abcnewsfe.com/a/51dc3813-1465-48bc-85af-5dbfb0475a8c/AlexanderWurm_1762835134668_hpMain_16x9.JPG?w=1600,2025-11-11T06:38:05Z,"A father and daughter were killed in a small plane crash on Monday in Florida, which was bound for Jamaica on a hurricane relief mission, according to their ministry.
Alexander Wurm, 53, and his 22-… [+2297 chars]",abc-news,ABC News
Kevin Shalvey,"More than 850 flights canceled in US early Wednesday, tracker says","Another 404 flights were delayed as of about 5 a.m. ET, FlightAware said.",https://abcnews.go.com/US/850-flights-canceled-us-early-wednesday-tracker/story?id=127441823,https://i.abcnewsfe.com/a/e57079e4-3bf5-4cd7-93de-a19c46b6e6d4/flights-embed_1762943283707_hpMain_16x9.jpg?w=1600,2025-11-12T10:50:04Z,"At least 878 flights were canceled in the United States early on Wednesday, with the departures from the busy hubs of Chicago, Denver and Atlanta leading the list of the most cancellations, according… [+780 chars]",abc-news,ABC News
"Lauren Peller, Alexandra Hutzler",House set to vote on ending government shutdown,"The House will be in session on Wednesday for the first time in 54 days, with all eyes on a vote to end the longest government shutdown in U.S. history.",https://abcnews.go.com/Politics/house-set-vote-ending-government-shutdown/story?id=127421219,https://i.abcnewsfe.com/a/dea51169-42c0-425b-9b41-76fc43358e5c/johnson-ap-jef-251111_1762866988602_hpMain_16x9.jpg?w=1600,2025-11-12T10:14:04Z,"The House will be in session on Wednesday for the first time in 54 days, with all eyes on a vote to end the longest government shutdown in U.S. history.
The House will hold first votes as early as 4… [+2939 chars]",abc-news,ABC News
"James Hill, Lauren Peller, Katherine Faulders, Jay O'Brien",House Democrats release new Epstein emails referencing Trump,"Jeffrey Epstein told Ghislaine Maxwell that an alleged victim had ""spent hours at my house"" with Donald Trump, according to emails released by Democrats on Wednesday.",https://abcnews.go.com/Politics/house-democrats-release-new-epstein-emails-referencing-trump/story?id=127435983,https://i.abcnewsfe.com/a/c4773b78-608e-4c13-ab3d-fdf1e77b7625/epstein-maxwell_1762921437946_hpMain_16x9.jpg?w=1600,2025-11-12T13:31:44Z,"Sex offender Jeffrey Epstein referred to Donald Trump as the ""dog that hasn't barked"" and told his former companion Ghislaine Maxwell that an alleged victim had ""spent hours at my house"" with Trump, … [+5516 chars]",abc-news,ABC News
Luis Martinez,US aircraft carrier strike group joins Trump's campaign against drug cartels,USS Gerald R. Ford carrier strike group arrives in Southern Command area of operations near Venezuela as part of the Trump administration’s campaign against drug cartels.,https://abcnews.go.com/Politics/us-aircraft-carrier-strike-group-joins-trumps-campaign/story?id=127419946,https://i.abcnewsfe.com/a/a9a2d7b3-d0dd-4716-95ac-2a639c2aa2a0/gerald-gty-er-251111_1762882538643_hpMain_16x9.jpg?w=1600,2025-11-11T18:48:18Z,"The USS Gerald R. Ford carrier strike group has arrived in the U.S. Southern Command area of operations north of the Caribbean Sea as part of the Trump administrations campaign against drug cartels, … [+2522 chars]",abc-news,ABC News
"Kenton Gewecke, Emily Shapiro, Melissa Griffin",Millions face 1st deep freeze and snow of the season,Millions of Americans from the Midwest to the Northeast to the South are facing the first deep freeze and snow of the season.,https://abcnews.go.com/US/1st-major-snow-season-extreme-cold/story?id=127411936,https://i.abcnewsfe.com/a/5fc20b85-62f2-446d-9047-1cc5bb53f75b/snow-1-ap-jef-251111_1762867686198_hpMain_16x9.jpg?w=1600,2025-11-11T21:37:57Z,"Millions of Americans from the Midwest to the Northeast to the South are facing the first deep freeze and snow of the season.
Parts of Indiana, Illinois, Wisconsin and Michigan saw more than 1 foot … [+1431 chars]",abc-news,ABC News
"Meredith Deliso, Ivan Pereira","What we know about pending government reopening, as record-long shutdown nears end","As Congress appears to be close to a deal that would end the shutdown, there are still questions about how fast services and funding return to normal.",https://abcnews.go.com/Politics/pending-government-reopening-record-long-shutdown-nears-end/story?id=127417403,https://i.abcnewsfe.com/a/c5235107-4234-41ad-95b2-863a7c1d47d5/capitol-02-gty-jef-251110_1762783240831_hpMain_16x9.jpg?w=1600,2025-11-11T19:29:45Z,"The longest government shutdown in U.S. history is close to being over as the House is slated to convene on Wednesday to vote on the federal spending bill.
The Senate passed the measure Monday night… [+4492 chars]",abc-news,ABC News
Mason Leib,A penny short: US mints final 1-cent coins after over 230 years in circulation,The final one-cent coins were minted in Philadelphia on Wednesday.,https://abcnews.go.com/GMA/Living/penny-short-us-mints-final-1-cent-coins/story?id=127465330,https://i.abcnewsfe.com/a/1a3ddda2-65a4-4a32-95f3-56da810cce77/last-penny-01-gty-jt-251112_1762981654655_hpMain_16x9.jpg?w=1600,2025-11-12T23:15:07Z,"From here on out, a penny saved is more than just a penny earned; it's also a relic of history.
The final penny was minted on Wednesday at the Philadelphia Mint after over 230 years in circulation a… [+2910 chars]",abc-news,ABC News
Julia Jacobo,Hurricane Melissa ranks as one of strongest Atlantic storms to make landfall,Hurricane Melissa became one of the most powerful hurricanes on record to make landfall in the Atlantic Basin.,https://abcnews.go.com/US/hurricane-melissa-ranks-strongest-atlantic-storms-make-landfall/story?id=126943257,https://i.abcnewsfe.com/a/abe2e62f-c149-49c2-bd74-a3ba00803a0f/melissa-1-ap-er-251028_1761677193062_hpMain_16x9.jpg?w=1600,2025-10-28T23:09:05Z,"Hurricane Melissa became one of the most powerful hurricanes on record to make landfall in the Atlantic Basin.
Melissa made landfall Tuesday afternoon in southwestern Jamaica near New Hope as a Cate… [+3325 chars]",abc-news,ABC News
ABC NEWS,Former Vice President Dick Cheney dead at 84,"Former Vice President Dick Cheney, considered by many political observers to be the most politically active and influential vice president in U.S. history, has died.",https://abcnews.go.com/Politics/former-vice-president-dick-cheney-dead-84/story?id=11021827,https://i.abcnewsfe.com/a/9f274b74-5062-45dc-8415-2aa21c863c1e/cheney_1762255921337_hpMain_16x9.jpg?w=1600,2025-11-04T11:36:08Z,"Former Vice President Dick Cheney, considered by many political observers to be the most politically active and influential vice president in U.S. history, has died.
""Richard B. Cheney, the 46th Vic… [+1416 chars]",abc-news,ABC News
Amy Maxmen | KFF Health News,Red tape and budget constraints: How the White House is undercutting public health,"Through shrouded bureaucratic maneuvers, White House budget director Russell Vought and DOGE have quietly undercut outbreak response, HIV treatment and dementia care.",https://abcnews.go.com/Health/red-tape-budget-constraints-white-house-undercutting-public/story?id=127190229,https://i.abcnewsfe.com/a/84b40af2-7d18-40ef-97ff-752930335df8/tamachia-davenport-ht-jef-251104_1762288070021_hpMain_16x9.jpg?w=1600,2025-11-05T10:02:55Z,"This is a KFF Health News story.
When President Donald Trump posted a satirical music video on social media in early October depicting his budget director, Russell Vought, as the Grim Reaper lording… [+14079 chars]",abc-news,ABC News
Max Zahn,What the Trump tariffs Supreme Court case could mean for the economy,The Supreme Court will hear oral arguments about Trump's tariffs on Wednesday.,https://abcnews.go.com/Business/trump-tariffs-supreme-court-case-economy/story?id=127167001,https://i.abcnewsfe.com/a/033bc27a-ddb1-4286-a935-c416909897da/grocery-shopping-ss-jt-251104_1762291355440_hpMain_16x9.jpg?w=1600,2025-11-05T10:07:51Z,"The Supreme Court is set to hear oral arguments on Wednesday in a case that will determine the fate of President Donald Trumps steepest tariffs, carrying implications for prices paid by shoppers and … [+5878 chars]",abc-news,ABC News
Max Zahn,"How the economy flipped from a red to blue issue, according to exit polls",The bread-and-butter advantage among Democrats marked a sharp turnabout.,https://abcnews.go.com/Business/economy-flipped-red-blue-issue-exit-polls/story?id=127213518,https://i.abcnewsfe.com/a/d3785292-2e16-41d8-ba78-8d65fd150ea6/mamdani-gty-er-251105_1762361905212_hpMain_16x9.jpg?w=1600,2025-11-05T21:35:58Z,"A Navy veteran, an ex-member of Congress and a self-avowed democratic socialistwon resounding victories in high-profile races on Tuesday all carrying the banner of the Democratic party and each addre… [+3896 chars]",abc-news,ABC News
Benjamin Siegel,Elections give Dems a roadmap -- but not a ticket -- out of the wilderness: ANALYSIS,Democrats get wins in blue states but the midterm battlefield is more difficult.,https://abcnews.go.com/Politics/elections-give-dems-roadmap-ticket-wilderness-analysis/story?id=127231509,https://i.abcnewsfe.com/a/82f6a24f-c722-46f0-9e98-1667f972cf1d/mamdani-11-gty-gmh-251105_1762359944887_hpMain_16x9.jpg?w=1600,2025-11-05T22:32:06Z,"One year ago, Democrats woke up in the political wilderness after the 2024 election. 
Donald Trump had won the popular vote in his successful bid to return to Washington, fracturing the Democratic c… [+4290 chars]",abc-news,ABC News
ABC News,Sen. John Fetterman hospitalized after fall near his home,"Sen. John Fetterman's office reported the Pennsylvania Democrat had ""sustained a fall"" near his home in Braddock, Pennsylvania, during an early Thursday morning walk.",https://abcnews.go.com/Politics/john-fetterman-hospitalized-after-fall/story?id=127494952,https://i.abcnewsfe.com/a/ae7529d0-5461-4017-b037-8f46c77e9d78/john-fetterman-gty-jef-251113_1763056578132_hpMain_16x9.jpg?w=1600,2025-11-13T18:17:02Z,"Sen. John Fetterman's office said the Pennsylvania Democrat is under ""routine observation"" in a Pittsburgh hospital after he fell during an early morning walk Thursday near his home in Braddock, Penn… [+395 chars]",abc-news,ABC News
Mary Kekatos,"Some food banks see up to 1,800% surge in demand since SNAP benefits were halted",Food banks and pantries have been experiencing historic demand since SNAP benefits halted on Nov. 1 for many Americans in the midst of the federal government shutdown.,https://abcnews.go.com/Health/food-banks-1800-surge-demand-snap-benefits-halted/story?id=127410295,https://i.abcnewsfe.com/a/0f9f3f76-5c75-4fe0-8988-393aab952bd6/snap-gty-jt-251112_1762980012714_hpMain_16x9.jpg?w=1600,2025-11-13T10:03:26Z,"Food banks and pantries have been experiencing historic demand since SNAP benefits halted on Nov. 1 for many Americans due to the federal government shutdown.
That halt affected nearly 42 million Am… [+5037 chars]",abc-news,ABC News
"Justin Gomez, Ivan Pereira","Federal services, agencies slowly returning after government shutdown ends","The longest federal government shutdown in history is now history, and agencies and services are starting to slowly come back to normal.",https://abcnews.go.com/Politics/federal-services-agencies-slowly-returning-after-government-shutdown/story?id=127486946,https://i.abcnewsfe.com/a/fb9b8f30-0612-4833-85b9-2d763eb14983/dept-education-gty-jt-251113_1763052601918_hpMain_16x9.jpg?w=1600,2025-11-13T18:29:31Z,"After 43 days, the longest federal government shutdown in history is history after President Donald Trump late Wednesday night signed the funding bill passed in both chambers of Congress.
With the b… [+5124 chars]",abc-news,ABC News
"Oleksiy Pshemyskiy, Morgan Winsor","Russia carries out 'massive strike' on Ukraine, killing at least 4 and injuring 26","Russia has carried out a massive aerial attack across central and eastern Ukraine, killing at least four and injuring 26 others, according to Ukrainian authorities.",https://abcnews.go.com/International/russia-carries-massive-strike-ukraine-killing-4-injuring/story?id=127328692,https://i.abcnewsfe.com/a/d8fceaed-32d9-41c4-a73e-caec28945c52/russia-drone-strike-saturday_1762598100272_hpMain_16x9.jpg?w=1600,2025-11-08T10:43:57Z,"Russia carried out a massive aerial attack across central and eastern Ukraine overnight, killing at least four people and injuring 26 others, according to Ukrainian authorities.
The Ukrainian Air Fo… [+2211 chars]",abc-news,ABC News
Jon Haworth,More than 700 flights nationwide canceled Saturday,More than 700 flights nationwide have been canceled Saturday as the FAA continues limiting flight capacity at 40 major U.S. airports amid the government shutdown.,https://abcnews.go.com/US/700-flights-nationwide-canceled-saturday/story?id=127329068,https://i.abcnewsfe.com/a/918e5d3a-7d58-49e7-814a-a2230f90b17a/flights-canceled-saturday_1762602686631_hpMain_16x9.jpg?w=1600,2025-11-08T12:02:00Z,"More than 700 flights nationwide have been canceled Saturday as the Federal Aviation Administration continues limiting flight capacity at 40 major U.S. airports amid the government shutdown.
As of 6… [+1926 chars]",abc-news,ABC News
David Brennan,"More than 1,100 flights canceled Sunday amid nationwide air travel disruption",Nationwide flight disruption stretched into Sunday following cancellations or delays to thousands of flights on Saturday.,https://abcnews.go.com/US/1100-flights-canceled-sunday-amid-nationwide-air-travel/story?id=127349865,https://i.abcnewsfe.com/a/b7f06008-69ba-41b3-99e4-f335c24885b4/Flights-DB-251109_1762685204532_hpMain_16x9.jpg?w=1600,2025-11-09T11:18:21Z,"Nationwide flight disruption stretched into Sunday following cancellations or delays to thousands of flights on Saturday, as the Federal Aviation Administration limited capacity at 40 major U.S. airp… [+988 chars]",abc-news,ABC News
Mason Leath,Obama surprises veterans on flight to DC with special Veterans Day salute,"President Barack Obama surprised a flight of Korean and Vietnam War veterans traveling from Madison, Wisconsin, to Washington, D.C., ahead of Veterans Day.",https://abcnews.go.com/Politics/obama-surprises-veterans-flight-dc-special-veterans-day/story?id=127410327,https://i.abcnewsfe.com/a/9dc55fdc-a7bb-43e3-bcb3-31a1b63681f0/obama-veterans-ht-jt-251111_1762872557682_hpMain_16x9t.jpg?w=1600,2025-11-11T16:31:48Z,"President Barack Obama gave a group of war heroes a surprise they will never forget.
The former president surprised a flight of Korean and Vietnam War veterans on an honor flight from Madison, Wisco… [+1969 chars]",abc-news,ABC News
Devin Dwyer,Trump admin again asks SCOTUS to green-light deploying National Guard in Chicago,"The Trump administration is imploring the Supreme Court to show ""extraordinary deference"" to the president as commander-in-chief.",https://abcnews.go.com/Politics/trump-administration-asks-scotus-green-light-deploying-national/story?id=127393886,https://i.abcnewsfe.com/a/375d9384-e75b-4fce-a6a6-3ffef340858d/ice-1-rt-er-251110_1762814446927_hpMain_16x9.jpg?w=1600,2025-11-10T23:48:22Z,"The Trump administration is imploring the Supreme Court to show ""extraordinary deference"" to the president as commander-in-chief and affirm the lawfulness of his National Guard deployment to Illinois… [+2523 chars]",abc-news,ABC News
ABC News,"WATCH: Suspect with fake limp, neck brace robs Louisiana bank","A suspect with a fake limp carried out a very real bank robbery in broad daylight in Louisiana, police said.",https://abcnews.go.com/US/video/suspect-fake-limp-neck-brace-robs-louisiana-bank-127415645,https://i.abcnewsfe.com/a/1fa32f03-eda5-4c63-92b6-57c36f5b1193/251111_abc_social_robbery_hpMain_9x16.jpg?w=992,2025-11-11T15:58:26Z,"<ul><li>Millions wake to snow, arctic temperatures
</li><li>Brutal cold and snow with wind chill in the teens
</li><li>Senate passes bill to reopen government
</li><li>Food insecurity and SNAP ben… [+4400 chars]",abc-news,ABC News
ABC News,WATCH: Trump honors veterans at Arlington National Cemetery,"President Donald Trump delivers remarks at Arlington National Cemetery on Veterans Day, honoring the ""more than 1 million American service members who have made the supreme sacrifice.""",https://abcnews.go.com/US/video/trump-honors-veterans-arlington-national-cemetery-127421520,https://i.abcnewsfe.com/a/5b1d7b36-86e0-4eda-b121-f33a4f1f5db7/251111_abc_social_trump_arlington_speech_hpMain_9x16.jpg?w=992,2025-11-11T17:51:29Z,"<ul><li>Senate Democrats 'caved' in voting for funding bill: Congresswoman
</li><li>'I'm too dumb to fail': Ring doorbell inventor shares untold story in new book
</li><li>Millions wake to snow, ar… [+4479 chars]",abc-news,ABC News
Oren Oppenheim,New Jersey governor election results: Democrat Mikie Sherrill is projected winner,Track live New Jersey governor race results and see how candidates are doing.,https://abcnews.go.com/Politics/new-jersey-2025-governor-election-results-sherrill-ciatterelli/story?id=126345341,https://i.abcnewsfe.com/a/42af02f8-dc44-47c6-915e-17495425a2f5/nj-debate-abc-gmh-251009_1760019838500_hpMain_16x9.jpg?w=1600,2025-11-05T02:45:38Z,"Democrat Mikie Sherrill is projected to win the New Jersey gubernatorial election against Republican Jack Ciattarelli.
As of 9:30 p.m. with 63% of the expected vote reporting, Sherrill holds more th… [+3801 chars]",abc-news,ABC News
ABC News,WATCH: Abigail Spanberger delivers victory speech in Virginia,"The Democrat is projected to win Virginia's governor race, making her the state's first female governor.",https://abcnews.go.com/Politics/video/abigail-spanberger-delivers-victory-speech-virginia-127198179,https://i.abcnewsfe.com/a/2db0ed6f-d51d-4874-be8c-1b6213b195ae/251104_abc_social_spanberger_hpMain_9x16.jpg?w=992,2025-11-05T02:47:44Z,"<ul><li>Mikie Sherrill projected to win NJ governor's race
</li><li>Democrat Abigail Spanberger to be next governor of Virginia
</li><li>Critical election night battles in New York City, New Jersey… [+4606 chars]",abc-news,ABC News
Alexandra Hutzler,Government shutdown becomes longest in history: How we got here and what's next,The two longest government shutdowns have now occurred under President Donald Trump.,https://abcnews.go.com/Politics/government-shutdown-longest-history/story?id=127179783,https://i.abcnewsfe.com/a/ff928196-a70a-4cb3-838c-d4b6c8e4ffa2/capitol-1-gty-gmh-251104_1762275596616_hpMain_16x9.jpg?w=1600,2025-11-05T05:04:09Z,"The government shutdown on Wednesday entered its 36th day, officially becoming the longest shutdown in U.S. history.
That means the two longest shutdowns in American politics have occurred under Pre… [+5353 chars]",abc-news,ABC News
Leah Sarnoff,'Led by an immigrant': NYC Mayor-elect Mamdani calls out Trump in victory speech,The results of the mayoral race that skyrocketed to national attention are in: 34-year-old Zohran Mamdani is projected to be the next mayor of New York City.,https://abcnews.go.com/Politics/mayor-elect-zohran-mamdani-set-address-new-york/story?id=127193119,https://i.abcnewsfe.com/a/bcb7a4ee-670f-4a09-9b96-299a95437af6/mamdani-19-ap-gmh-251104_1762317760376_hpMain_16x9.jpg?w=1600,2025-11-05T05:05:28Z,"""The future is in our hands, my friends, we have toppled a political dynasty,"" New York City Mayor-elect Zohran Mamdani said to a roaring crowd in Brooklyn.
The mayoral race that skyrocketed to nati… [+3980 chars]",abc-news,ABC News
ABC News,WATCH: NJ gubernatorial nominee surprised by son's return from Army on eve of election,"While campaigning at a bar in North Jersey on Monday, New Jersey Republican gubernatorial candidate Jack Ciattarelli was surprised by the return of his son, who is currently stationed in Kuwait.",https://abcnews.go.com/Politics/video/nj-gubernatorial-nominee-surprised-sons-return-army-eve-127190937,https://i.abcnewsfe.com/a/9a5fc2ab-cea7-44e0-af20-5d874ad9ae05/251104_social_ciattarelli_surprise_hpMain_9x16.jpg?w=992,2025-11-04T22:00:36Z,"<ul><li>UPS aircraft crashes after departing Louisville airport: Officials
</li><li>Cuomo distances himself from Trump, Mamdani says Were on the brink of making history
</li><li>California votes on… [+4522 chars]",abc-news,ABC News
Oren Oppenheim,Where 2028 presidential hopefuls have traveled 1 year out from the midterms,ABC News has tracked at least 43 visits or planned visits so far in 2025 and 2026 by Democratic presidential hopefuls to key early or battleground states.,https://abcnews.go.com/Politics/2028-presidential-hopefuls-flock-key-battleground-states-traveled/story?id=126909684,https://i.abcnewsfe.com/a/f1653a9e-befd-4985-90f2-804409c99c26/FourWayCA_v01_KA_1761601908507_hpMain_16x9.jpg?w=1600,2025-11-06T11:30:08Z,"One year out from the 2026 midterms, major Democratic Party names have been taking the show on the road, saying that theyre helping the party lay the groundwork to battle for the U.S. House.
They al… [+6874 chars]",abc-news,ABC News
"Michelle Stoddart, Youri Benadjaoud, Will McDuffie",White House announces deal to lower weight loss drug prices for many Americans,The Trump administration announced deals on Thursday with pharmaceutical giants Novo Nordisk and Eli Lilly that would lower the cost of GLP-1 drugs for many Americans.,https://abcnews.go.com/Health/trump-administration-announces-deal-lower-weight-loss-drug/story?id=127259787,https://i.abcnewsfe.com/a/95eafab5-efb8-4cc2-98f2-822ab18bd851/wegovy-zepbound-ap-jef-251106_1762445903979_hpMain_16x9.jpg?w=1600,2025-11-06T17:30:49Z,"The Trump administration announced deals on Thursday with pharmaceutical giants Novo Nordisk and Eli Lilly that would lower the cost of GLP-1 drugs for many Americans, including those on Medicare.
T… [+3341 chars]",abc-news,ABC News
Rajeev Tyagi,Deadly Typhoon Kalmaegi makes landfall in Vietnam,Philippines President Ferdinand R. Marcos Jr. approved a state of emergency declaration on Thursday as the storm response continued.,https://abcnews.go.com/International/vietnam-braces-typhoon-kalmaegi-after-storms-deadly-path/story?id=127245561,https://i.abcnewsfe.com/a/ed6b8dc1-a76c-478c-a97b-23dc372b41af/vietnam-main_1762419557878_hpMain_16x9.jpg?w=1600,2025-11-06T15:29:57Z,"Typhoon Kalmaegi made landfall on the central coast of Vietnam on Thursday evening, local weather officials said, after leaving a trail of destruction in the Philippines.
The powerful storm was chur… [+2345 chars]",abc-news,ABC News
"Peter Charalambous, Devin Dwyer","Supreme Court justices appear skeptical of Trump's tariffs, but some may give leeway",The Supreme Court on Wednesday appeared skeptical of the president’s claim of unbounded tariff authority.,https://abcnews.go.com/US/supreme-court-justices-skeptical-trumps-tariffs-give-leeway/story?id=127239361,https://i.abcnewsfe.com/a/ba7e902e-955e-4d2e-8b7d-4e16205dc734/supreme-2-ap-er-251029_1761759250786_hpMain_3_16x9.jpg?w=1600,2025-11-06T01:37:07Z,"In one of the most significant legal cases for President Donald Trump's administration, the Supreme Court on Wednesday appeared skeptical of the presidents claim of unbounded tariff authority -- thou… [+5220 chars]",abc-news,ABC News
"David Brennan, Megan Forrester, Nadine El-Bawab",Israel-Gaza live updates: Remains of American Israeli hostage among 3 bodies returned,The Israel Defense Forces said on Wednesday it had resumed the ceasefire after Tuesday's strikes.,https://abcnews.go.com/International/live-updates/israel-gaza-live-updates-search-continues-bodies-missing/?id=126889888,https://i.abcnewsfe.com/a/1e06e385-e259-4bd7-a195-c8bbad3b6636/neutra-main_1762152400250_hpMain_16x9.jpg?w=1600,2025-11-03T06:49:52Z,"U.S. President Donald Trump pressed Hamas to act faster in returning the bodies of deceased hostages amid a delicate ceasefire in the Gaza Strip.
Israel has accused Hamas of violating the ceasefire … [+544 chars]",abc-news,ABC News
Isabella Murray,How Republicans are planning to win the 2026 midterms without Trump on the ballot,Republican candidates running in the 2026 midterm elections are ramping up for a campaign cycle in lockstep with President Donald Trump.,https://abcnews.go.com/US/republicans-planning-win-2026-midterms-trump-ballot/story?id=126909181,https://i.abcnewsfe.com/a/5d8459e2-8de5-4185-8ec8-90bfa3e3e347/donald-trump-17-ap-gmh-251031_1761934956928_hpMain_16x9.jpg?w=1600,2025-11-03T10:14:22Z,"Republican candidates running in the 2026 midterm elections are ramping up for a campaign cycle in lockstep with President Donald Trump, their party kingmaker who's keenly invested in their races, wh… [+8397 chars]",abc-news,ABC News
Emily Guskin,"Half of Americans say Trump admin not committed to protecting rights, freedoms: Poll","Most say Trump isn't committed to protecting freedom of the press, other rights.",https://abcnews.go.com/Politics/half-americans-trump-admin-committed-protecting-americans-rights/story?id=127099666,https://i.abcnewsfe.com/a/5d8459e2-8de5-4185-8ec8-90bfa3e3e347/donald-trump-17-ap-gmh-251031_1761934956928_hpMain_16x9.jpg?w=1600,2025-11-03T11:05:42Z,"Half of Americans say the Trump administration is not committed to protecting Americans rights and freedoms, according to an ABC News/Washington Post/Ipsos poll conducted using Ipsos KnowledgePanel.… [+5346 chars]",abc-news,ABC News
Benjamin Siegel,"Affordability takes center stage in New Jersey, Virginia governor races","How voters are grappling with economic challenges, and who they hold responsible for them, could shape the outcome of the major gubernatorial races.",https://abcnews.go.com/Politics/affordability-takes-center-stage-new-jersey-virginia-governor/story?id=126900432,https://i.abcnewsfe.com/a/2d130088-152a-4755-a6d0-3869100fed5d/Mikie-Sherrill-nj-race_1762010248345_hpMain_16x9.jpg?w=1600,2025-11-02T15:34:00Z,"Nearly one year since Donald Trump won the 2024 presidential election, Americans' concerns and anxieties about high bills, inflation and the cost of living that helped propel him back to the White Ho… [+5119 chars]",abc-news,ABC News
"Brittany Shepherd, Monica Madden",Why Gavin Newsom is gambling on new rules for Trump 2.0,"Newsom is a leader running miles ahead of others, experts explained to ABC News.",https://abcnews.go.com/US/gavin-newsom-gambling-new-rules-trump-20/story?id=126900405,https://i.abcnewsfe.com/a/8d66bb49-507a-4db7-b001-1211f8cbd7c4/gavin-newsom-1-abc-gmh-252029_1761771124564_hpMain_16x9.jpg?w=1600,2025-11-02T15:14:25Z,"At the beginning of the year, California Gov. Gavin Newsom's tenure was marked by devastating wildfires in Los Angeles, a steady stream of ridicule from the White House, and backlash from within the … [+7574 chars]",abc-news,ABC News
ABC News,WATCH: LA Dodgers fans take to streets to celebrate World Series win,Celebrating fans took to the streets in Los Angeles as the Dodgers won their second consecutive World Series.,https://abcnews.go.com/US/video/la-dodgers-fans-streets-celebrate-world-series-win-127131130,https://i.abcnewsfe.com/a/5b6bf1fd-0495-4651-aba1-7c2748ec9a34/251104_abc_social_worldseries_hpMain_9x16.jpg?w=992,2025-11-03T14:12:14Z,"<ul><li>Government shutdown: New battle over SNAP benefits as healthcare premiums rise
</li><li>Candidates rally supporters ahead of high-stakes elections in 3 states
</li><li>Hourslong waits in ai… [+4364 chars]",abc-news,ABC News
ABC News,WATCH: Train slams into semi-trailer stuck on tracks in Texas,A train slammed into a semi-trailer truck carrying cars after a driver attempted to maneuver across a level crossing.,https://abcnews.go.com/US/video/train-slams-semi-trailer-stuck-tracks-texas-127183140,https://i.abcnewsfe.com/a/a7bcb379-c310-4626-b205-5fc1c6cfc38d/251104_abc_social_crash_hpMain_9x16.jpg?w=992,2025-11-04T18:26:38Z,"<ul><li>Examining Trump's involvement in the NYC mayoral race
</li><li>DOT might be forced to shut down some airspace next week: Duffy
</li><li>What impact could NYC mayoral race have on Democrats,… [+4476 chars]",abc-news,ABC News
ABC News,WATCH: Fireball from deadly UPS plane crash in Louisville caught on camera,"A UPS cargo plane crashed shortly after takeoff in Louisville, Kentucky killing at least seven people.",https://abcnews.go.com/US/video/fireball-deadly-ups-plane-crash-louisville-caught-camera-127216888,https://i.abcnewsfe.com/a/eb61c1d3-720e-41d0-a3e0-1e78b66bddc4/251105_abc_social_ups_hpMain_9x16.jpg?w=992,2025-11-05T14:25:54Z,"<ul><li>Analysis: What motivated voters?
</li><li>Mayor-elect Zohran Mamdani joins GMA to discuss victory
</li><li>New Jersey Gov.-elect Mikie Sherrill talks Election Night win
</li><li>Virginia G… [+4431 chars]",abc-news,ABC News
Mary Kekatos,Some SNAP recipients have to choose between rent and food amid halt in benefits,Some Americans who saw their SNAP benefits halt on Nov. 1 say they have to choose between paying their rent and buying food.,https://abcnews.go.com/Health/snap-recipients-choose-rent-food-amid-halt-benefits/story?id=127235340,https://i.abcnewsfe.com/a/7a61fcf5-9327-4aed-a04e-b3e798b19bbf/snap-sign-ap-jt-251105_1762378403953_hpMain_16x9.jpg?w=1600,2025-11-06T10:07:42Z,"Over the last week, Martina Santos said she feels like she's been living a nightmare.
The 67-year-old from the Bronx, New York, is one of the nearly 42 million Americans who saw their Supplemental N… [+6684 chars]",abc-news,ABC News
Devin Dwyer,Supreme Court allows Trump to end passport gender marker policy,The 6-3 decision by the Court's conservative majority overrides two lower court decisions,https://abcnews.go.com/Politics/supreme-court-allows-trump-end-33-year-passport/story?id=127273370,https://i.abcnewsfe.com/a/653a0926-db78-4a07-9079-18b665ce989d/scotus-1-gty-gmh-251104_1762278202865_hpMain_16x9.jpg?w=1600,2025-11-06T21:06:34Z,The Supreme Court on Thursday allowed the Trump administration to move forward with new rules requiring all U.S. passports to display a citizen's biological sex at birth rather than their indicated g… [+2686 chars],abc-news,ABC News
Katie Kindelan,King Charles' brother Andrew officially no longer a prince,Andrew is the third-eldest child of the late Queen Elizabeth II and Prince Philip.,https://abcnews.go.com/GMA/News/king-charles-iiis-brother-andrew-officially-longer-prince/story?id=127257759,https://i.abcnewsfe.com/a/84f494b8-3832-489d-8cc6-605b5ee95494/prince-andrew-1-gty-gmh-251030_1761850950434_hpMain_16x9.jpg?w=1600,2025-11-06T16:37:09Z,"Andrew Mountbatten Windsor, the brother of King Charles III and son of the late Queen Elizabeth II, is officially no longer a prince.
The loss of Andrew's titles of prince and His Royal Highness was… [+1867 chars]",abc-news,ABC News
Megan Forrester,UPS plane crash: Officials search through 'mangled' debris to find additional victims,"Nine people remain missing after a UPS plane departing Louisville Muhammad Ali International Airport in Kentucky on Tuesday crashed, killing at least 12 people.",https://abcnews.go.com/US/9-people-remain-missing-after-ups-plane-crash/story?id=127255924,https://i.abcnewsfe.com/a/2866c031-c478-435e-919f-f7bc8a2bd695/kentucky-1-ht-er-251106_1762466327241_hpMain_16x9.jpg?w=1600,2025-11-06T22:05:05Z,"Nine people remain missing after a UPS plane departing Louisville Muhammad Ali International Airport in Kentucky on Tuesday crashed in a ball of flames, killing at least 12 people. Officials continue… [+3221 chars]",abc-news,ABC News
Jon Haworth,Mega Millions jackpot soars to $843 million,"The Mega Millions jackpot is now the eighth largest in the history of the game with an estimated $843 million up for grabs in Friday night’s drawing, officials said.",https://abcnews.go.com/US/mega-millions-jackpot-soars-843-million/story?id=127286364,https://i.abcnewsfe.com/a/66a0adba-2c27-45b3-ae8a-f671b049a7f3/megamillions-1-gty-er-241220_1734717386640_hpMain_16x9.jpg?w=1600,2025-11-07T08:02:22Z,"The Mega Millions jackpot is now the eighth largest in the history of the game with an estimated $843 million up for grabs in Friday nights drawing, officials said.
Fridays drawing at 11 p.m. will b… [+1647 chars]",abc-news,ABC News
"Victoria Arancio, Emily Shapiro",Officer shot dead in line of duty at hospital: Police,"A police officer was shot and killed in the line of duty at a hospital in North Carolina on Saturday, authorities said.",https://abcnews.go.com/US/officer-shot-dead-line-duty-hospital-north-carolina/story?id=127341573,https://i.abcnewsfe.com/a/c7dd20fa-9a3e-403b-8637-337ecc1ec6a1/WakeMed_Garner_1762642175193_hpMain_16x9.jpg?w=1600,2025-11-08T22:56:03Z,"A police officer was shot and killed in the line of duty at a hospital in North Carolina on Saturday, authorities said.
Officer Roger Smith was ""protecting patients and their families"" when he was s… [+694 chars]",abc-news,ABC News
"Oren Oppenheim, Benjamin Siegel, Nidhi Singh",Which members of the Senate are taking paychecks during the shutdown?,Some senators are donating their salaries in solidarity with federal workers.,https://abcnews.go.com/Politics/members-senate-taking-paychecks-shutdown/story?id=127340274,https://i.abcnewsfe.com/a/28ce9e8b-19c3-49b5-87ed-7ebfbf2efc17/2244846596_1762659595234_hpMain_16x9.jpg?w=1600,2025-11-10T11:20:32Z,Members of Congress are guaranteed by the Constitution to be paid during a federal government shutdown. But at least 55 of the 100 U.S. senators are either not taking their paychecks during the shutd… [+4154 chars],abc-news,ABC News
ABC NEWS,"Trump pardons Rudy Giuliani, others involved in efforts to overturn 2020 election","Ed Martin, the United States Pardon Attorney, announced that President Trump would be pardoning key figures involved in the efforts to overturn the 2020 election.",https://abcnews.go.com/Politics/trump-pardons-rudy-giuliani-key-figures-involved-efforts/story?id=127367541,https://i.abcnewsfe.com/a/8bee40cc-4081-4394-b9d2-6a084bac8157/Rudy-Giuliani-1-gty-gmh-231206_1701877969551_hpMain_2_16x9.jpg?w=1600,2025-11-10T05:47:48Z,"President Donald Trump issued a sweeping pardon to key figures allegedly involved in the plan to arrange an alternate slate of electors and ""expose voting fraud""  during the 2020 election, according … [+996 chars]",abc-news,ABC News
ABC News,"WATCH: Transportation Secretary Sean Duffy on flight reductions, Thanksgiving travel",Duffy said the FAA's decision to increase air traffic reductions to 10% is necessary as air traffic controllers call in sick while not receiving pay during the government shutdown.,https://abcnews.go.com/Politics/video/transportation-secretary-sean-duffy-flight-reductions-thanksgiving-travel-127313822,https://i.abcnewsfe.com/a/b8fb45a0-628e-424c-adca-b6cd3225bb3a/251107_abc_social_duffy_on_abcnl_hpMain_9x16.jpg?w=992,2025-11-07T21:23:25Z,"<ul><li>Transportation Secretary Sean Duffy on flight cancellations, changes 
</li><li>CDC staff are 'struggling' to keep Americans safe in shutdown: Former CDC leader
</li><li>Trump administration… [+4550 chars]",abc-news,ABC News
Arthur Jones II,Cornell to pay $60M in Trump administration deal over frozen research funds,"Cornell University reached an agreement to ""immediately restore"" its frozen federal funding after negotiations over alleged civil rights violations.",https://abcnews.go.com/US/cornell-university-agrees-pay-60m-deal-trump-administration/story?id=127306289,https://i.abcnewsfe.com/a/98887c38-8237-4d9c-af27-d8477fca39cf/cornell-gty-er-251107_1762540750339_hpMain_16x9.jpg?w=1600,2025-11-07T19:24:51Z,"Cornell University reached an agreement with the Trump administration to ""immediately restore"" its frozen federal funding after months-long negotiations over alleged civil rights violations, the scho… [+2346 chars]",abc-news,ABC News
Allison Pecorin,Enough Democrats expected to vote with Republicans to end shutdown: Sources,The Senate is angling to take a key test vote as early as Sunday night on a plan that would reopen the government.,https://abcnews.go.com/Politics/democrats-expected-vote-republicans-end-shutdown-sources/story?id=127361326,https://i.abcnewsfe.com/a/d7d07009-2bdb-48b0-8aba-4d5c1685cc83/john-thune-8-ap-gmh-251107_1762551815491_hpMain_16x9.jpg?w=1600,2025-11-09T23:28:10Z,"The Senate is angling to take a key test vote as early as Sunday night on a plan that would reopen the government. 
The vote would be a big test to gauge whether enough Democrats would vote with Rep… [+3216 chars]",abc-news,ABC News
Mary Kekatos,"Canada loses measles elimination status amid year-long outbreak, health officials say","Canada has lost its measles elimination status after struggling to contain a year-long outbreak, the country’s public health agency announced on Monday.",https://abcnews.go.com/Health/canada-loses-measles-elimination-status-amid-year-long/story?id=127373379,https://i.abcnewsfe.com/a/0a33d186-83c7-400f-b431-28089bfc59c1/mmr-vaccine-ap-jef-251110_1762786801842_hpMain_16x9.jpg?w=1600,2025-11-10T15:14:00Z,"Canada has lost its measles elimination status after struggling to contain a year-long outbreak, the country's public health agency announced on Monday.
The Public Health Agency of Canada said it wa… [+593 chars]",abc-news,ABC News
Max Zahn,"What to know about Trump's promise of $2,000 tariff dividend payments",Questions abound about who qualifies and whether enough funds are available.,https://abcnews.go.com/Business/trumps-promise-2000-tariff-dividend-payments/story?id=127373376,https://i.abcnewsfe.com/a/0b2cd930-2041-4df2-b316-77ea55c8fbf4/trump-2-gty-jef-251107_1762520238441_hpMain_16x9.jpg?w=1600,2025-11-10T19:44:10Z,"President Donald Trump over the weekend vowed to provide each American a $2,000 dividend to be distributed from what he said was tariff revenue.
""A dividend of at least $2000 a person (not including… [+5254 chars]",abc-news,ABC News
